{
  "___settings": {
    "reloadOnSleep": 30,
    "reconnectInterval": 10000,
    "darkReloadScreen": false,
    "destroyViewsAfter": 30
  },
  "0_Start": {
    "settings": {
      "style": {
        "background-color": "#fafafa",
        "background_class": ""
      },
      "theme": "redmond",
      "sizex": "",
      "sizey": "",
      "gridSize": "",
      "useBackground": false,
      "snapType": null,
      "alwaysRender": true,
      "useAsDefault": true
    },
    "widgets": {
      "w00013": {
        "tpl": "tplVis-materialdesign-Card",
        "data": {
          "g_fixed": false,
          "g_visibility": false,
          "g_css_font_text": false,
          "g_css_background": false,
          "g_css_shadow_padding": false,
          "g_css_border": false,
          "g_gestures": false,
          "g_signals": false,
          "g_last_change": false,
          "visibility-cond": "==",
          "visibility-val": 1,
          "visibility-groups-action": "hide",
          "titleLayout": "headline6",
          "subtitleLayout": "subtitle2",
          "cardLayout": "BasicHeader",
          "cardStyle": "default",
          "signals-cond-0": "==",
          "signals-val-0": true,
          "signals-icon-0": "/vis.0/MaterialDesignWidgets_Examples/lowbattery.png",
          "signals-icon-size-0": 0,
          "signals-blink-0": false,
          "signals-horz-0": 0,
          "signals-vert-0": 0,
          "signals-hide-edit-0": false,
          "signals-cond-1": "==",
          "signals-val-1": true,
          "signals-icon-1": "/vis.0/MaterialDesignWidgets_Examples/lowbattery.png",
          "signals-icon-size-1": 0,
          "signals-blink-1": false,
          "signals-horz-1": 0,
          "signals-vert-1": 0,
          "signals-hide-edit-1": false,
          "signals-cond-2": "==",
          "signals-val-2": true,
          "signals-icon-2": "/vis.0/MaterialDesignWidgets_Examples/lowbattery.png",
          "signals-icon-size-2": 0,
          "signals-blink-2": false,
          "signals-horz-2": 0,
          "signals-vert-2": 0,
          "signals-hide-edit-2": false,
          "lc-type": "last-change",
          "lc-is-interval": true,
          "lc-is-moment": false,
          "lc-format": "",
          "lc-position-vert": "top",
          "lc-position-horz": "right",
          "lc-offset-vert": 0,
          "lc-offset-horz": 0,
          "lc-font-size": "12px",
          "lc-font-family": "",
          "lc-font-style": "",
          "lc-bkg-color": "",
          "lc-color": "",
          "lc-border-width": "0",
          "lc-border-style": "",
          "lc-border-color": "",
          "lc-border-radius": 10,
          "lc-zindex": 0,
          "title": "Material Design Widgets",
          "subtitle": "created by Scrounger",
          "html": "",
          "image": "/vis.0/MaterialDesignWidgets_Examples/vis-materialdesign_16_9.png",
          "labelSubTextHeight": "40"
        },
        "style": {
          "left": "calc(50% - 180px)",
          "top": "calc(50% - 250px)",
          "width": "360px",
          "height": "500px",
          "z-index": "0"
        },
        "widgetSet": "materialdesign"
      },
      "w00014": {
        "tpl": "tplVis-materialdesign-Button-Navigation",
        "data": {
          "g_fixed": false,
          "g_visibility": false,
          "g_css_font_text": false,
          "g_css_background": false,
          "g_css_shadow_padding": false,
          "g_css_border": false,
          "g_gestures": false,
          "g_signals": false,
          "g_last_change": false,
          "visibility-cond": "==",
          "visibility-val": 1,
          "visibility-groups-action": "hide",
          "buttonStyle": "raised",
          "vibrateOnMobilDevices": "50",
          "iconPosition": "left",
          "signals-cond-0": "==",
          "signals-val-0": true,
          "signals-icon-0": "/vis.0/MaterialDesignWidgets_Examples/lowbattery.png",
          "signals-icon-size-0": 0,
          "signals-blink-0": false,
          "signals-horz-0": 0,
          "signals-vert-0": 0,
          "signals-hide-edit-0": false,
          "signals-cond-1": "==",
          "signals-val-1": true,
          "signals-icon-1": "/vis.0/MaterialDesignWidgets_Examples/lowbattery.png",
          "signals-icon-size-1": 0,
          "signals-blink-1": false,
          "signals-horz-1": 0,
          "signals-vert-1": 0,
          "signals-hide-edit-1": false,
          "signals-cond-2": "==",
          "signals-val-2": true,
          "signals-icon-2": "/vis.0/MaterialDesignWidgets_Examples/lowbattery.png",
          "signals-icon-size-2": 0,
          "signals-blink-2": false,
          "signals-horz-2": 0,
          "signals-vert-2": 0,
          "signals-hide-edit-2": false,
          "lc-type": "last-change",
          "lc-is-interval": true,
          "lc-is-moment": false,
          "lc-format": "",
          "lc-position-vert": "top",
          "lc-position-horz": "right",
          "lc-offset-vert": 0,
          "lc-offset-horz": 0,
          "lc-font-size": "12px",
          "lc-font-family": "",
          "lc-font-style": "",
          "lc-bkg-color": "",
          "lc-color": "",
          "lc-border-width": "0",
          "lc-border-style": "",
          "lc-border-color": "",
          "lc-border-radius": 10,
          "lc-zindex": 0,
          "buttontext": "start",
          "nav_view": "AppBar"
        },
        "style": {
          "left": "calc(50% - 150px)",
          "top": "calc(50% + 180px)",
          "z-index": "1",
          "width": "300px",
          "height": "30px"
        },
        "widgetSet": "materialdesign"
      },
      "w00016": {
        "tpl": "tplHtml",
        "data": {
          "g_fixed": false,
          "g_visibility": false,
          "g_css_font_text": false,
          "g_css_background": false,
          "g_css_shadow_padding": false,
          "g_css_border": false,
          "g_gestures": false,
          "g_signals": false,
          "g_last_change": false,
          "visibility-cond": "==",
          "visibility-val": 1,
          "visibility-groups-action": "hide",
          "refreshInterval": "0",
          "signals-cond-0": "==",
          "signals-val-0": true,
          "signals-icon-0": "/vis.0/MaterialDesignWidgets_Examples/lowbattery.png",
          "signals-icon-size-0": 0,
          "signals-blink-0": false,
          "signals-horz-0": 0,
          "signals-vert-0": 0,
          "signals-hide-edit-0": false,
          "signals-cond-1": "==",
          "signals-val-1": true,
          "signals-icon-1": "/vis.0/MaterialDesignWidgets_Examples/lowbattery.png",
          "signals-icon-size-1": 0,
          "signals-blink-1": false,
          "signals-horz-1": 0,
          "signals-vert-1": 0,
          "signals-hide-edit-1": false,
          "signals-cond-2": "==",
          "signals-val-2": true,
          "signals-icon-2": "/vis.0/MaterialDesignWidgets_Examples/lowbattery.png",
          "signals-icon-size-2": 0,
          "signals-blink-2": false,
          "signals-horz-2": 0,
          "signals-vert-2": 0,
          "signals-hide-edit-2": false,
          "lc-type": "last-change",
          "lc-is-interval": true,
          "lc-is-moment": false,
          "lc-format": "",
          "lc-position-vert": "top",
          "lc-position-horz": "right",
          "lc-offset-vert": 0,
          "lc-offset-horz": 0,
          "lc-font-size": "12px",
          "lc-font-family": "",
          "lc-font-style": "",
          "lc-bkg-color": "",
          "lc-color": "",
          "lc-border-width": "0",
          "lc-border-style": "",
          "lc-border-color": "",
          "lc-border-radius": 10,
          "lc-zindex": 0,
          "html": "<a href=\"https://www.paypal.com/cgi-bin/webscr?cmd=_s-xclick&hosted_button_id=VWAXSTS634G88&source=url\" target=\"blank\"><img src=\"https://www.paypalobjects.com/en_US/i/btn/btn_donate_LG.gif\" /></a>"
        },
        "style": {
          "left": "calc(50% - 50px)",
          "top": "calc(50% + 100px)",
          "width": "100px",
          "height": "30px"
        },
        "widgetSet": "basic"
      },
      "w00017": {
        "tpl": "tplHtml",
        "data": {
          "g_fixed": false,
          "g_visibility": false,
          "g_css_font_text": false,
          "g_css_background": false,
          "g_css_shadow_padding": false,
          "g_css_border": false,
          "g_gestures": false,
          "g_signals": false,
          "g_last_change": false,
          "visibility-cond": "==",
          "visibility-val": 1,
          "visibility-groups-action": "hide",
          "refreshInterval": "0",
          "signals-cond-0": "==",
          "signals-val-0": true,
          "signals-icon-0": "/vis.0/MaterialDesignWidgets_Examples/lowbattery.png",
          "signals-icon-size-0": 0,
          "signals-blink-0": false,
          "signals-horz-0": 0,
          "signals-vert-0": 0,
          "signals-hide-edit-0": false,
          "signals-cond-1": "==",
          "signals-val-1": true,
          "signals-icon-1": "/vis.0/MaterialDesignWidgets_Examples/lowbattery.png",
          "signals-icon-size-1": 0,
          "signals-blink-1": false,
          "signals-horz-1": 0,
          "signals-vert-1": 0,
          "signals-hide-edit-1": false,
          "signals-cond-2": "==",
          "signals-val-2": true,
          "signals-icon-2": "/vis.0/MaterialDesignWidgets_Examples/lowbattery.png",
          "signals-icon-size-2": 0,
          "signals-blink-2": false,
          "signals-horz-2": 0,
          "signals-vert-2": 0,
          "signals-hide-edit-2": false,
          "lc-type": "last-change",
          "lc-is-interval": true,
          "lc-is-moment": false,
          "lc-format": "",
          "lc-position-vert": "top",
          "lc-position-horz": "right",
          "lc-offset-vert": 0,
          "lc-offset-horz": 0,
          "lc-font-size": "12px",
          "lc-font-family": "",
          "lc-font-style": "",
          "lc-bkg-color": "",
          "lc-color": "",
          "lc-border-width": "0",
          "lc-border-style": "",
          "lc-border-color": "",
          "lc-border-radius": 10,
          "lc-zindex": 0,
          "html": "<div style=\"text-align:center\">\n<img src=\"https://img.shields.io/npm/v/iobroker.vis-materialdesign.svg\" />\n</div>"
        },
        "style": {
          "left": "calc(50% - 55px)",
          "top": "calc(50% + 55px)",
          "width": "110px",
          "height": "22px"
        },
        "widgetSet": "basic"
      },
      "w00021": {
        "tpl": "tplVis-materialdesign-Installed-Version",
        "data": {
          "g_fixed": false,
          "g_visibility": false,
          "g_css_font_text": false,
          "g_css_background": false,
          "g_css_shadow_padding": false,
          "g_css_border": false,
          "g_gestures": false,
          "g_signals": false,
          "g_last_change": false,
          "visibility-cond": "==",
          "visibility-val": 1,
          "visibility-groups-action": "hide",
          "signals-cond-0": "==",
          "signals-val-0": true,
          "signals-icon-0": "/vis.0/MaterialDesignWidgets_Examples/lowbattery.png",
          "signals-icon-size-0": 0,
          "signals-blink-0": false,
          "signals-horz-0": 0,
          "signals-vert-0": 0,
          "signals-hide-edit-0": false,
          "signals-cond-1": "==",
          "signals-val-1": true,
          "signals-icon-1": "/vis.0/MaterialDesignWidgets_Examples/lowbattery.png",
          "signals-icon-size-1": 0,
          "signals-blink-1": false,
          "signals-horz-1": 0,
          "signals-vert-1": 0,
          "signals-hide-edit-1": false,
          "signals-cond-2": "==",
          "signals-val-2": true,
          "signals-icon-2": "/vis.0/MaterialDesignWidgets_Examples/lowbattery.png",
          "signals-icon-size-2": 0,
          "signals-blink-2": false,
          "signals-horz-2": 0,
          "signals-vert-2": 0,
          "signals-hide-edit-2": false,
          "lc-type": "last-change",
          "lc-is-interval": true,
          "lc-is-moment": false,
          "lc-format": "",
          "lc-position-vert": "top",
          "lc-position-horz": "right",
          "lc-offset-vert": 0,
          "lc-offset-horz": 0,
          "lc-font-size": "12px",
          "lc-font-family": "",
          "lc-font-style": "",
          "lc-bkg-color": "",
          "lc-color": "",
          "lc-border-width": "0",
          "lc-border-style": "",
          "lc-border-color": "",
          "lc-border-radius": 10,
          "lc-zindex": 0
        },
        "style": {
          "left": "calc(50% - 170px)",
          "top": "calc(50% + 55px)",
          "width": "110px",
          "height": "22px"
        },
        "widgetSet": "materialdesign"
      },
      "w00023": {
        "tpl": "tplHtml",
        "data": {
          "g_fixed": false,
          "g_visibility": false,
          "g_css_font_text": false,
          "g_css_background": false,
          "g_css_shadow_padding": false,
          "g_css_border": false,
          "g_gestures": false,
          "g_signals": false,
          "g_last_change": false,
          "visibility-cond": "==",
          "visibility-val": 1,
          "visibility-groups-action": "hide",
          "refreshInterval": "0",
          "signals-cond-0": "==",
          "signals-val-0": true,
          "signals-icon-0": "/vis.0/MaterialDesignWidgets_Examples/lowbattery.png",
          "signals-icon-size-0": 0,
          "signals-blink-0": false,
          "signals-horz-0": 0,
          "signals-vert-0": 0,
          "signals-hide-edit-0": false,
          "signals-cond-1": "==",
          "signals-val-1": true,
          "signals-icon-1": "/vis.0/MaterialDesignWidgets_Examples/lowbattery.png",
          "signals-icon-size-1": 0,
          "signals-blink-1": false,
          "signals-horz-1": 0,
          "signals-vert-1": 0,
          "signals-hide-edit-1": false,
          "signals-cond-2": "==",
          "signals-val-2": true,
          "signals-icon-2": "/vis.0/MaterialDesignWidgets_Examples/lowbattery.png",
          "signals-icon-size-2": 0,
          "signals-blink-2": false,
          "signals-horz-2": 0,
          "signals-vert-2": 0,
          "signals-hide-edit-2": false,
          "lc-type": "last-change",
          "lc-is-interval": true,
          "lc-is-moment": false,
          "lc-format": "",
          "lc-position-vert": "top",
          "lc-position-horz": "right",
          "lc-offset-vert": 0,
          "lc-offset-horz": 0,
          "lc-font-size": "12px",
          "lc-font-family": "",
          "lc-font-style": "",
          "lc-bkg-color": "",
          "lc-color": "",
          "lc-border-width": "0",
          "lc-border-style": "",
          "lc-border-color": "",
          "lc-border-radius": 10,
          "lc-zindex": 0,
          "html": "<div style=\"text-align:center\">\n<img src=\"https://img.shields.io/badge/stable-%20tbd%20-%231d4674\" />\n</div>"
        },
        "style": {
          "left": "calc(50% + 180px - 120px)",
          "top": "calc(50% + 55px)",
          "width": "110px",
          "height": "22px"
        },
        "widgetSet": "basic"
      }
    },
    "name": "0_Start",
    "activeWidgets": [],
    "filterList": []
  },
  "AppBar": {
    "settings": {
      "style": {
        "background_class": "",
        "background-color": "#fafafa"
      },
      "theme": "redmond",
      "sizex": "",
      "sizey": "",
      "gridSize": "",
      "useBackground": false,
      "snapType": null,
      "useAsDefault": true
    },
    "widgets": {
      "w00018": {
        "tpl": "tplVis-materialdesign-TopAppBar-Navigation",
        "data": {
          "oid": "dev1",
          "g_fixed": false,
          "g_visibility": false,
          "g_css_font_text": false,
          "g_css_background": false,
          "g_css_shadow_padding": false,
          "g_css_border": false,
          "g_gestures": false,
          "g_signals": false,
          "g_last_change": false,
          "visibility-cond": "==",
          "visibility-val": 1,
          "visibility-groups-action": "hide",
          "count": "2",
          "submenuCounts_0": "0",
          "submenuCounts_1": "2",
          "topAppBarLayout": "standard",
          "titleTopAppBar": "Material Design Widgets",
          "topAppBarZ_index": "998",
          "vibrateTopAppBarOnMobilDevices": "50",
          "drawerLayout": "modal",
          "drawerItemLayout": "standard",
          "listItemDividerStyle": "standard",
          "z_index": "1000",
          "showHeader": "true",
          "headerLabel": "<h4 class='mdc-drawer__title'>Material Design Widgets</h4><h6 class='mdc-drawer__subtitle'>by Scrounger</h6>",
          "showLabels": "true",
          "listItemAlignment": "left",
          "backdropLabelBackgroundHeight": "30",
          "vibrateDrawerOnMobilDevices": "0",
          "drawerSubItemLayout": "standard",
          "listSubItemAlignment": "left",
          "showSubItemsLabels": "true",
          "iconDrawer0": "/vis.0/MaterialDesignWidgets_Examples/materialdesign/img/IoBroker_Logo.png",
          "iconDrawer1": "{\"itemImage\": \"/vis/icon/info.png\", \"subItems\": [\"/vis/icon/rgb.png\", \"/vis/icon/tools.png\"]}",
          "signals-cond-0": "==",
          "signals-val-0": true,
          "signals-icon-0": "/vis.0/MaterialDesignWidgets_Examples/lowbattery.png",
          "signals-icon-size-0": 0,
          "signals-blink-0": false,
          "signals-horz-0": 0,
          "signals-vert-0": 0,
          "signals-hide-edit-0": false,
          "signals-cond-1": "==",
          "signals-val-1": true,
          "signals-icon-1": "/vis.0/MaterialDesignWidgets_Examples/lowbattery.png",
          "signals-icon-size-1": 0,
          "signals-blink-1": false,
          "signals-horz-1": 0,
          "signals-vert-1": 0,
          "signals-hide-edit-1": false,
          "signals-cond-2": "==",
          "signals-val-2": true,
          "signals-icon-2": "/vis.0/MaterialDesignWidgets_Examples/lowbattery.png",
          "signals-icon-size-2": 0,
          "signals-blink-2": false,
          "signals-horz-2": 0,
          "signals-vert-2": 0,
          "signals-hide-edit-2": false,
          "lc-type": "last-change",
          "lc-is-interval": true,
          "lc-is-moment": false,
          "lc-format": "",
          "lc-position-vert": "top",
          "lc-position-horz": "right",
          "lc-offset-vert": 0,
          "lc-offset-horz": 0,
          "lc-font-size": "12px",
          "lc-font-family": "",
          "lc-font-style": "",
          "lc-bkg-color": "",
          "lc-color": "",
          "lc-border-width": "0",
          "lc-border-style": "",
          "lc-border-color": "",
          "lc-border-radius": 10,
          "lc-zindex": 0,
          "labels0": "Column Views Widget",
          "labels1": "{\"itemText\": \"Item with Subitems\", \"subItems\": [\"subItem1\", \"subItem2\"]}",
          "showIndexNum": true,
          "submenuCounts_2": "0",
          "iconDrawer2": "/vis.0/MaterialDesignWidgets_Examples/materialdesign/img/IoBroker_Logo.png",
          "navItemCount": "1",
          "submenuCounts_3": "0",
          "iconDrawer3": "/vis.0/MaterialDesignWidgets_Examples/materialdesign/img/IoBroker_Logo.png"
        },
        "style": {
          "left": "0px",
          "top": "1px",
          "width": "100%",
          "height": "100%"
        },
        "widgetSet": "materialdesign"
      },
      "w00019": {
        "tpl": "tplStatefulContainerView8",
        "data": {
          "oid": "dev1",
          "g_fixed": false,
          "g_visibility": false,
          "g_css_font_text": false,
          "g_css_background": false,
          "g_css_shadow_padding": false,
          "g_css_border": false,
          "g_gestures": false,
          "g_signals": false,
          "g_last_change": false,
          "visibility-cond": "==",
          "visibility-val": 1,
          "visibility-groups-action": "hide",
          "count": "3",
          "signals-cond-0": "==",
          "signals-val-0": true,
          "signals-icon-0": "/vis.0/MaterialDesignWidgets_Examples/lowbattery.png",
          "signals-icon-size-0": 0,
          "signals-blink-0": false,
          "signals-horz-0": 0,
          "signals-vert-0": 0,
          "signals-hide-edit-0": false,
          "signals-cond-1": "==",
          "signals-val-1": true,
          "signals-icon-1": "/vis.0/MaterialDesignWidgets_Examples/lowbattery.png",
          "signals-icon-size-1": 0,
          "signals-blink-1": false,
          "signals-horz-1": 0,
          "signals-vert-1": 0,
          "signals-hide-edit-1": false,
          "signals-cond-2": "==",
          "signals-val-2": true,
          "signals-icon-2": "/vis.0/MaterialDesignWidgets_Examples/lowbattery.png",
          "signals-icon-size-2": 0,
          "signals-blink-2": false,
          "signals-horz-2": 0,
          "signals-vert-2": 0,
          "signals-hide-edit-2": false,
          "lc-type": "last-change",
          "lc-is-interval": true,
          "lc-is-moment": false,
          "lc-format": "",
          "lc-position-vert": "top",
          "lc-position-horz": "right",
          "lc-offset-vert": 0,
          "lc-offset-horz": 0,
          "lc-font-size": "12px",
          "lc-font-family": "",
          "lc-font-style": "",
          "lc-bkg-color": "",
          "lc-color": "",
          "lc-border-width": "0",
          "lc-border-style": "",
          "lc-border-color": "",
          "lc-border-radius": 10,
          "lc-zindex": 0,
          "contains_view_0": "ColumnViews",
          "contains_view_1": "",
          "contains_view_3": "View_card_7",
          "contains_view_4": "",
          "contains_view_2": "View_card_5"
        },
        "style": {
          "left": "0px",
          "top": "64px",
          "width": "100%",
          "height": "calc(100% - 64px)",
          "overflow-y": ""
        },
        "widgetSet": "basic"
      }
    },
    "name": "AppBar",
    "activeWidgets": [
      "w00018"
    ],
    "filterList": []
  },
  "ColumnViews": {
    "settings": {
      "style": {
        "background_class": "",
        "background-color": "#fafafa"
      },
      "theme": "redmond",
      "sizex": "",
      "sizey": "",
      "gridSize": "",
      "snapType": null,
      "useBackground": false
    },
    "widgets": {
      "w00020": {
        "tpl": "tplVis-materialdesign-Column-Views",
        "data": {
          "g_fixed": false,
          "g_visibility": false,
          "g_css_font_text": false,
          "g_css_background": false,
          "g_css_shadow_padding": false,
          "g_css_border": false,
          "g_gestures": false,
          "g_signals": false,
          "g_last_change": false,
          "visibility-cond": "==",
          "visibility-val": 1,
          "visibility-groups-action": "hide",
          "countCols": "2",
          "signals-cond-0": "==",
          "signals-val-0": true,
          "signals-icon-0": "/vis.0/MaterialDesignWidgets_Examples/lowbattery.png",
          "signals-icon-size-0": 0,
          "signals-blink-0": false,
          "signals-horz-0": 0,
          "signals-vert-0": 0,
          "signals-hide-edit-0": false,
          "signals-cond-1": "==",
          "signals-val-1": true,
          "signals-icon-1": "/vis.0/MaterialDesignWidgets_Examples/lowbattery.png",
          "signals-icon-size-1": 0,
          "signals-blink-1": false,
          "signals-horz-1": 0,
          "signals-vert-1": 0,
          "signals-hide-edit-1": false,
          "signals-cond-2": "==",
          "signals-val-2": true,
          "signals-icon-2": "/vis.0/MaterialDesignWidgets_Examples/lowbattery.png",
          "signals-icon-size-2": 0,
          "signals-blink-2": false,
          "signals-horz-2": 0,
          "signals-vert-2": 0,
          "signals-hide-edit-2": false,
          "lc-type": "last-change",
          "lc-is-interval": true,
          "lc-is-moment": false,
          "lc-format": "",
          "lc-position-vert": "top",
          "lc-position-horz": "right",
          "lc-offset-vert": 0,
          "lc-offset-horz": 0,
          "lc-font-size": "12px",
          "lc-font-family": "",
          "lc-font-style": "",
          "lc-bkg-color": "",
          "lc-color": "",
          "lc-border-width": "0",
          "lc-border-style": "",
          "lc-border-color": "",
          "lc-border-radius": 10,
          "lc-zindex": 0,
          "viewsPerCol0": "View_card_1|View_card_2",
          "viewsPerCol1": "View_card_3|View_card_4",
          "viewsInColumn0": "View_card_1|View_card_2|View_card_3",
          "viewsInColumn1": "View_card_4|View_card_5",
          "viewsInColumn2": "View_card_6|View_card_7",
          "minWidth": "300",
          "viewsInColumnHeight0": "112|288|162",
          "viewsInColumnHeight1": "262|162",
          "viewsInColumnHeight2": "112|192"
        },
        "style": {
          "left": "0",
          "top": "0",
          "width": "100%",
          "height": "100%",
          "overflow-y": "auto"
        },
        "widgetSet": "materialdesign"
      }
    },
    "name": "ColumnViews",
    "activeWidgets": [
      "w00020"
    ],
    "filterList": []
  },
  "View_card_1": {
    "settings": {
      "style": {
        "background-color": "#fafafa",
        "background_class": ""
      },
      "theme": "redmond",
      "sizex": "",
      "sizey": "",
      "gridSize": "",
      "useBackground": false,
      "snapType": null,
      "class": ""
    },
    "widgets": {
      "w00002": {
        "tpl": "tplVis-materialdesign-Card",
        "data": {
          "g_fixed": true,
          "g_visibility": false,
          "g_css_font_text": false,
          "g_css_background": false,
          "g_css_shadow_padding": false,
          "g_css_border": false,
          "g_gestures": false,
          "g_signals": false,
          "g_last_change": false,
          "visibility-cond": "==",
          "visibility-val": 1,
          "visibility-groups-action": "hide",
          "titleLayout": "headline6",
          "subtitleLayout": "subtitle2",
          "cardLayout": "Basic",
          "cardStyle": "default",
          "signals-cond-0": "==",
          "signals-val-0": true,
          "signals-icon-0": "/vis.0/MaterialDesignWidgets_Examples/lowbattery.png",
          "signals-icon-size-0": 0,
          "signals-blink-0": false,
          "signals-horz-0": 0,
          "signals-vert-0": 0,
          "signals-hide-edit-0": false,
          "signals-cond-1": "==",
          "signals-val-1": true,
          "signals-icon-1": "/vis.0/MaterialDesignWidgets_Examples/lowbattery.png",
          "signals-icon-size-1": 0,
          "signals-blink-1": false,
          "signals-horz-1": 0,
          "signals-vert-1": 0,
          "signals-hide-edit-1": false,
          "signals-cond-2": "==",
          "signals-val-2": true,
          "signals-icon-2": "/vis.0/MaterialDesignWidgets_Examples/lowbattery.png",
          "signals-icon-size-2": 0,
          "signals-blink-2": false,
          "signals-horz-2": 0,
          "signals-vert-2": 0,
          "signals-hide-edit-2": false,
          "lc-type": "last-change",
          "lc-is-interval": true,
          "lc-is-moment": false,
          "lc-format": "",
          "lc-position-vert": "top",
          "lc-position-horz": "right",
          "lc-offset-vert": 0,
          "lc-offset-horz": 0,
          "lc-font-size": "12px",
          "lc-font-family": "",
          "lc-font-style": "",
          "lc-bkg-color": "",
          "lc-color": "",
          "lc-border-width": "0",
          "lc-border-style": "",
          "lc-border-color": "",
          "lc-border-radius": 10,
          "lc-zindex": 0,
          "class": "my-card-container",
          "title": "Card 1",
          "subtitle": " ",
          "html": " "
        },
        "style": {
          "left": "",
          "top": "",
          "width": "",
          "height": "100px",
          "z-index": "0"
        },
        "widgetSet": "materialdesign"
      }
    },
    "name": "View_card_1",
    "activeWidgets": [],
    "filterList": []
  },
  "View_card_2": {
    "settings": {
      "style": {
        "background-color": "#fafafa"
      },
      "theme": "redmond",
      "sizex": "",
      "sizey": "",
      "gridSize": "",
      "useBackground": false,
      "snapType": null
    },
    "widgets": {
      "w00003": {
        "tpl": "tplVis-materialdesign-Card",
        "data": {
          "g_fixed": true,
          "g_visibility": false,
          "g_css_font_text": false,
          "g_css_background": false,
          "g_css_shadow_padding": false,
          "g_css_border": false,
          "g_gestures": false,
          "g_signals": false,
          "g_last_change": false,
          "visibility-cond": "==",
          "visibility-val": 1,
          "visibility-groups-action": "hide",
          "titleLayout": "headline6",
          "subtitleLayout": "subtitle2",
          "cardLayout": "Basic",
          "cardStyle": "default",
          "signals-cond-0": "==",
          "signals-val-0": true,
          "signals-icon-0": "/vis.0/MaterialDesignWidgets_Examples/lowbattery.png",
          "signals-icon-size-0": 0,
          "signals-blink-0": false,
          "signals-horz-0": 0,
          "signals-vert-0": 0,
          "signals-hide-edit-0": false,
          "signals-cond-1": "==",
          "signals-val-1": true,
          "signals-icon-1": "/vis.0/MaterialDesignWidgets_Examples/lowbattery.png",
          "signals-icon-size-1": 0,
          "signals-blink-1": false,
          "signals-horz-1": 0,
          "signals-vert-1": 0,
          "signals-hide-edit-1": false,
          "signals-cond-2": "==",
          "signals-val-2": true,
          "signals-icon-2": "/vis.0/MaterialDesignWidgets_Examples/lowbattery.png",
          "signals-icon-size-2": 0,
          "signals-blink-2": false,
          "signals-horz-2": 0,
          "signals-vert-2": 0,
          "signals-hide-edit-2": false,
          "lc-type": "last-change",
          "lc-is-interval": true,
          "lc-is-moment": false,
          "lc-format": "",
          "lc-position-vert": "top",
          "lc-position-horz": "right",
          "lc-offset-vert": 0,
          "lc-offset-horz": 0,
          "lc-font-size": "12px",
          "lc-font-family": "",
          "lc-font-style": "",
          "lc-bkg-color": "",
          "lc-color": "",
          "lc-border-width": "0",
          "lc-border-style": "",
          "lc-border-color": "",
          "lc-border-radius": 10,
          "lc-zindex": 0,
          "class": "my-card-container",
          "title": "Card 2",
          "subtitle": " ",
          "html": " "
        },
        "style": {
          "left": "",
          "top": "",
          "width": "",
          "height": "276px",
          "z-index": "0"
        },
        "widgetSet": "materialdesign"
      },
      "w00009": {
        "tpl": "tplVis-materialdesign-Select-Value",
        "data": {
          "oid": "dev2",
          "g_fixed": false,
          "g_visibility": false,
          "g_css_font_text": false,
          "g_css_background": false,
          "g_css_shadow_padding": false,
          "g_css_border": false,
          "g_gestures": false,
          "g_signals": false,
          "g_last_change": false,
          "visibility-cond": "==",
          "visibility-val": 1,
          "visibility-groups-action": "hide",
          "values": "5",
          "layout": "standard",
          "showValueOnRight": false,
          "vibrateOnMobilDevices": "50",
          "signals-cond-0": "==",
          "signals-val-0": true,
          "signals-icon-0": "/vis.0/MaterialDesignWidgets_Examples/lowbattery.png",
          "signals-icon-size-0": 0,
          "signals-blink-0": false,
          "signals-horz-0": 0,
          "signals-vert-0": 0,
          "signals-hide-edit-0": false,
          "signals-cond-1": "==",
          "signals-val-1": true,
          "signals-icon-1": "/vis.0/MaterialDesignWidgets_Examples/lowbattery.png",
          "signals-icon-size-1": 0,
          "signals-blink-1": false,
          "signals-horz-1": 0,
          "signals-vert-1": 0,
          "signals-hide-edit-1": false,
          "signals-cond-2": "==",
          "signals-val-2": true,
          "signals-icon-2": "/vis.0/MaterialDesignWidgets_Examples/lowbattery.png",
          "signals-icon-size-2": 0,
          "signals-blink-2": false,
          "signals-horz-2": 0,
          "signals-vert-2": 0,
          "signals-hide-edit-2": false,
          "lc-type": "last-change",
          "lc-is-interval": true,
          "lc-is-moment": false,
          "lc-format": "",
          "lc-position-vert": "top",
          "lc-position-horz": "right",
          "lc-offset-vert": 0,
          "lc-offset-horz": 0,
          "lc-font-size": "12px",
          "lc-font-family": "",
          "lc-font-style": "",
          "lc-bkg-color": "",
          "lc-color": "",
          "lc-border-width": "0",
          "lc-border-style": "",
          "lc-border-color": "",
          "lc-border-radius": 10,
          "lc-zindex": 0,
          "value0": "0",
          "label0": "off",
          "value1": "10",
          "label1": "lower",
          "menuIcon0": "/vis.0/MaterialDesignWidgets_Examples/bulb_off.png",
          "menuIcon1": "/vis.0/MaterialDesignWidgets_Examples/bulb_on.png",
          "menuIcon2": "/vis.0/MaterialDesignWidgets_Examples/bulb_on.png",
          "value2": "25",
          "label2": "low",
          "value3": "50",
          "label3": "medium",
          "menuIcon3": "/vis.0/MaterialDesignWidgets_Examples/bulb_on.png",
          "value4": "75",
          "label4": "high",
          "menuIcon4": "/vis.0/MaterialDesignWidgets_Examples/bulb_on.png",
          "value5": "100",
          "label5": "on",
          "menuIcon5": "/vis.0/MaterialDesignWidgets_Examples/bulb_on.png",
          "menuWidth": "300",
          "hintText": "Select a value",
          "colorDrawerItemBackground": "",
          "colorDrawerBackground": ""
        },
        "style": {
          "left": "20px",
          "top": "102px",
          "z-index": "11",
          "width": "calc(100% - 40px)",
          "height": ""
        },
        "widgetSet": "materialdesign"
      },
      "w00010": {
        "tpl": "tplValueString",
        "data": {
          "oid": "nothing_selected",
          "g_fixed": false,
          "g_visibility": false,
          "g_css_font_text": false,
          "g_css_background": false,
          "g_css_shadow_padding": false,
          "g_css_border": false,
          "g_gestures": false,
          "g_signals": false,
          "g_last_change": false,
          "visibility-cond": "==",
          "visibility-val": 1,
          "visibility-groups-action": "hide",
          "signals-cond-0": "==",
          "signals-val-0": true,
          "signals-icon-0": "/vis.0/MaterialDesignWidgets_Examples/lowbattery.png",
          "signals-icon-size-0": 0,
          "signals-blink-0": false,
          "signals-horz-0": 0,
          "signals-vert-0": 0,
          "signals-hide-edit-0": false,
          "signals-cond-1": "==",
          "signals-val-1": true,
          "signals-icon-1": "/vis.0/MaterialDesignWidgets_Examples/lowbattery.png",
          "signals-icon-size-1": 0,
          "signals-blink-1": false,
          "signals-horz-1": 0,
          "signals-vert-1": 0,
          "signals-hide-edit-1": false,
          "signals-cond-2": "==",
          "signals-val-2": true,
          "signals-icon-2": "/vis.0/MaterialDesignWidgets_Examples/lowbattery.png",
          "signals-icon-size-2": 0,
          "signals-blink-2": false,
          "signals-horz-2": 0,
          "signals-vert-2": 0,
          "signals-hide-edit-2": false,
          "lc-type": "last-change",
          "lc-is-interval": true,
          "lc-is-moment": false,
          "lc-format": "",
          "lc-position-vert": "top",
          "lc-position-horz": "right",
          "lc-offset-vert": 0,
          "lc-offset-horz": 0,
          "lc-font-size": "12px",
          "lc-font-family": "",
          "lc-font-style": "",
          "lc-bkg-color": "",
          "lc-color": "",
          "lc-border-width": "0",
          "lc-border-style": "",
          "lc-border-color": "",
          "lc-border-radius": 10,
          "lc-zindex": 0,
          "html_prepend": "Value Select Widget"
        },
        "style": {
          "left": "20px",
          "top": "73px",
          "width": "calc(100% - 20px)"
        },
        "widgetSet": "basic"
      },
      "w00011": {
        "tpl": "tplValueString",
        "data": {
          "oid": "nothing_selected",
          "g_fixed": false,
          "g_visibility": false,
          "g_css_font_text": false,
          "g_css_background": false,
          "g_css_shadow_padding": false,
          "g_css_border": false,
          "g_gestures": false,
          "g_signals": false,
          "g_last_change": false,
          "visibility-cond": "==",
          "visibility-val": 1,
          "visibility-groups-action": "hide",
          "signals-cond-0": "==",
          "signals-val-0": true,
          "signals-icon-0": "/vis.0/MaterialDesignWidgets_Examples/lowbattery.png",
          "signals-icon-size-0": 0,
          "signals-blink-0": false,
          "signals-horz-0": 0,
          "signals-vert-0": 0,
          "signals-hide-edit-0": false,
          "signals-cond-1": "==",
          "signals-val-1": true,
          "signals-icon-1": "/vis.0/MaterialDesignWidgets_Examples/lowbattery.png",
          "signals-icon-size-1": 0,
          "signals-blink-1": false,
          "signals-horz-1": 0,
          "signals-vert-1": 0,
          "signals-hide-edit-1": false,
          "signals-cond-2": "==",
          "signals-val-2": true,
          "signals-icon-2": "/vis.0/MaterialDesignWidgets_Examples/lowbattery.png",
          "signals-icon-size-2": 0,
          "signals-blink-2": false,
          "signals-horz-2": 0,
          "signals-vert-2": 0,
          "signals-hide-edit-2": false,
          "lc-type": "last-change",
          "lc-is-interval": true,
          "lc-is-moment": false,
          "lc-format": "",
          "lc-position-vert": "top",
          "lc-position-horz": "right",
          "lc-offset-vert": 0,
          "lc-offset-horz": 0,
          "lc-font-size": "12px",
          "lc-font-family": "",
          "lc-font-style": "",
          "lc-bkg-color": "",
          "lc-color": "",
          "lc-border-width": "0",
          "lc-border-style": "",
          "lc-border-color": "",
          "lc-border-radius": 10,
          "lc-zindex": 0,
          "html_prepend": "Bool Select Widget (Layout outlined)"
        },
        "style": {
          "left": "20px",
          "top": "183px",
          "width": "calc(100% - 20px)"
        },
        "widgetSet": "basic"
      },
      "w00012": {
        "tpl": "tplVis-materialdesign-Select-Bool",
        "data": {
          "oid": "dev3",
          "g_fixed": false,
          "g_visibility": false,
          "g_css_font_text": false,
          "g_css_background": false,
          "g_css_shadow_padding": false,
          "g_css_border": false,
          "g_gestures": false,
          "g_signals": false,
          "g_last_change": false,
          "visibility-cond": "==",
          "visibility-val": 1,
          "visibility-groups-action": "hide",
          "layout": "outlined",
          "vibrateOnMobilDevices": "50",
          "signals-cond-0": "==",
          "signals-val-0": true,
          "signals-icon-0": "/vis.0/MaterialDesignWidgets_Examples/lowbattery.png",
          "signals-icon-size-0": 0,
          "signals-blink-0": false,
          "signals-horz-0": 0,
          "signals-vert-0": 0,
          "signals-hide-edit-0": false,
          "signals-cond-1": "==",
          "signals-val-1": true,
          "signals-icon-1": "/vis.0/MaterialDesignWidgets_Examples/lowbattery.png",
          "signals-icon-size-1": 0,
          "signals-blink-1": false,
          "signals-horz-1": 0,
          "signals-vert-1": 0,
          "signals-hide-edit-1": false,
          "signals-cond-2": "==",
          "signals-val-2": true,
          "signals-icon-2": "/vis.0/MaterialDesignWidgets_Examples/lowbattery.png",
          "signals-icon-size-2": 0,
          "signals-blink-2": false,
          "signals-horz-2": 0,
          "signals-vert-2": 0,
          "signals-hide-edit-2": false,
          "lc-type": "last-change",
          "lc-is-interval": true,
          "lc-is-moment": false,
          "lc-format": "",
          "lc-position-vert": "top",
          "lc-position-horz": "right",
          "lc-offset-vert": 0,
          "lc-offset-horz": 0,
          "lc-font-size": "12px",
          "lc-font-family": "",
          "lc-font-style": "",
          "lc-bkg-color": "",
          "lc-color": "",
          "lc-border-width": "0",
          "lc-border-style": "",
          "lc-border-color": "",
          "lc-border-radius": 10,
          "lc-zindex": 0,
          "text_true": "on",
          "text_false": "off",
          "hintText": "Select a value",
          "image": "/vis.0/MaterialDesignWidgets_Examples/bulb_off.png",
          "imageTrue": "/vis.0/MaterialDesignWidgets_Examples/bulb_on.png",
          "selectBackgroundHover": "#0afb09",
          "selectHintTextColorSelected": "#ff0042",
          "selectBorderColorSelected": "#ff0042"
        },
        "style": {
          "left": "20px",
          "top": "220px",
          "z-index": "10",
          "width": "calc(100% - 40px)"
        },
        "widgetSet": "materialdesign"
      }
    },
    "name": "View_card_2",
    "activeWidgets": [],
    "filterList": []
  },
  "View_card_3": {
    "settings": {
      "style": {
        "background-color": "#fafafa"
      },
      "theme": "redmond",
      "sizex": "",
      "sizey": "",
      "gridSize": "",
      "useBackground": false
    },
    "widgets": {
      "w00004": {
        "tpl": "tplVis-materialdesign-Card",
        "data": {
          "g_fixed": true,
          "g_visibility": false,
          "g_css_font_text": false,
          "g_css_background": false,
          "g_css_shadow_padding": false,
          "g_css_border": false,
          "g_gestures": false,
          "g_signals": false,
          "g_last_change": false,
          "visibility-cond": "==",
          "visibility-val": 1,
          "visibility-groups-action": "hide",
          "titleLayout": "headline6",
          "subtitleLayout": "subtitle2",
          "cardLayout": "Basic",
          "cardStyle": "default",
          "signals-cond-0": "==",
          "signals-val-0": true,
          "signals-icon-0": "/vis.0/MaterialDesignWidgets_Examples/lowbattery.png",
          "signals-icon-size-0": 0,
          "signals-blink-0": false,
          "signals-horz-0": 0,
          "signals-vert-0": 0,
          "signals-hide-edit-0": false,
          "signals-cond-1": "==",
          "signals-val-1": true,
          "signals-icon-1": "/vis.0/MaterialDesignWidgets_Examples/lowbattery.png",
          "signals-icon-size-1": 0,
          "signals-blink-1": false,
          "signals-horz-1": 0,
          "signals-vert-1": 0,
          "signals-hide-edit-1": false,
          "signals-cond-2": "==",
          "signals-val-2": true,
          "signals-icon-2": "/vis.0/MaterialDesignWidgets_Examples/lowbattery.png",
          "signals-icon-size-2": 0,
          "signals-blink-2": false,
          "signals-horz-2": 0,
          "signals-vert-2": 0,
          "signals-hide-edit-2": false,
          "lc-type": "last-change",
          "lc-is-interval": true,
          "lc-is-moment": false,
          "lc-format": "",
          "lc-position-vert": "top",
          "lc-position-horz": "right",
          "lc-offset-vert": 0,
          "lc-offset-horz": 0,
          "lc-font-size": "12px",
          "lc-font-family": "",
          "lc-font-style": "",
          "lc-bkg-color": "",
          "lc-color": "",
          "lc-border-width": "0",
          "lc-border-style": "",
          "lc-border-color": "",
          "lc-border-radius": 10,
          "lc-zindex": 0,
          "class": "my-card-container",
          "title": "Card 3",
          "subtitle": " ",
          "html": " "
        },
        "style": {
          "left": "",
          "top": "",
          "width": "",
          "height": "150px"
        },
        "widgetSet": "materialdesign"
      }
    },
    "name": "View_card_3",
    "activeWidgets": [
      "w00004"
    ],
    "filterList": []
  },
  "View_card_4": {
    "settings": {
      "style": {
        "background-color": "#fafafa"
      },
      "theme": "redmond",
      "sizex": "",
      "sizey": "",
      "gridSize": "",
      "useBackground": false,
      "snapType": null
    },
    "widgets": {
      "w00005": {
        "tpl": "tplVis-materialdesign-Card",
        "data": {
          "g_fixed": true,
          "g_visibility": false,
          "g_css_font_text": false,
          "g_css_background": false,
          "g_css_shadow_padding": false,
          "g_css_border": false,
          "g_gestures": false,
          "g_signals": false,
          "g_last_change": false,
          "visibility-cond": "==",
          "visibility-val": 1,
          "visibility-groups-action": "hide",
          "titleLayout": "headline6",
          "subtitleLayout": "subtitle2",
          "cardLayout": "Basic",
          "cardStyle": "default",
          "signals-cond-0": "==",
          "signals-val-0": true,
          "signals-icon-0": "/vis.0/MaterialDesignWidgets_Examples/lowbattery.png",
          "signals-icon-size-0": 0,
          "signals-blink-0": false,
          "signals-horz-0": 0,
          "signals-vert-0": 0,
          "signals-hide-edit-0": false,
          "signals-cond-1": "==",
          "signals-val-1": true,
          "signals-icon-1": "/vis.0/MaterialDesignWidgets_Examples/lowbattery.png",
          "signals-icon-size-1": 0,
          "signals-blink-1": false,
          "signals-horz-1": 0,
          "signals-vert-1": 0,
          "signals-hide-edit-1": false,
          "signals-cond-2": "==",
          "signals-val-2": true,
          "signals-icon-2": "/vis.0/MaterialDesignWidgets_Examples/lowbattery.png",
          "signals-icon-size-2": 0,
          "signals-blink-2": false,
          "signals-horz-2": 0,
          "signals-vert-2": 0,
          "signals-hide-edit-2": false,
          "lc-type": "last-change",
          "lc-is-interval": true,
          "lc-is-moment": false,
          "lc-format": "",
          "lc-position-vert": "top",
          "lc-position-horz": "right",
          "lc-offset-vert": 0,
          "lc-offset-horz": 0,
          "lc-font-size": "12px",
          "lc-font-family": "",
          "lc-font-style": "",
          "lc-bkg-color": "",
          "lc-color": "",
          "lc-border-width": "0",
          "lc-border-style": "",
          "lc-border-color": "",
          "lc-border-radius": 10,
          "lc-zindex": 0,
          "class": "my-card-container",
          "title": "Card 4",
          "subtitle": " ",
          "html": " "
        },
        "style": {
          "left": "",
          "top": "",
          "width": "",
          "height": "250px"
        },
        "widgetSet": "materialdesign"
      },
      "w00001": {
        "tpl": "tplVis-materialdesign-Slider-Round",
        "data": {
          "oid": "dev2",
          "g_fixed": false,
          "g_visibility": false,
          "g_css_font_text": false,
          "g_css_background": false,
          "g_css_shadow_padding": false,
          "g_css_border": false,
          "g_gestures": false,
          "g_signals": false,
          "g_last_change": false,
          "visibility-cond": "==",
          "visibility-val": 1,
          "visibility-groups-action": "hide",
          "step": "1",
          "startAngle": "135",
          "arcLength": "270",
          "handleZoom": "1.5",
          "vibrateOnMobilDevices": "50",
          "showValueLabel": "true",
          "signals-cond-0": "==",
          "signals-val-0": true,
          "signals-icon-0": "/vis.0/MaterialDesignWidgets_Examples/lowbattery.png",
          "signals-icon-size-0": 0,
          "signals-blink-0": false,
          "signals-horz-0": 0,
          "signals-vert-0": 0,
          "signals-hide-edit-0": false,
          "signals-cond-1": "==",
          "signals-val-1": true,
          "signals-icon-1": "/vis.0/MaterialDesignWidgets_Examples/lowbattery.png",
          "signals-icon-size-1": 0,
          "signals-blink-1": false,
          "signals-horz-1": 0,
          "signals-vert-1": 0,
          "signals-hide-edit-1": false,
          "signals-cond-2": "==",
          "signals-val-2": true,
          "signals-icon-2": "/vis.0/MaterialDesignWidgets_Examples/lowbattery.png",
          "signals-icon-size-2": 0,
          "signals-blink-2": false,
          "signals-horz-2": 0,
          "signals-vert-2": 0,
          "signals-hide-edit-2": false,
          "lc-type": "last-change",
          "lc-is-interval": true,
          "lc-is-moment": false,
          "lc-format": "",
          "lc-position-vert": "top",
          "lc-position-horz": "right",
          "lc-offset-vert": 0,
          "lc-offset-horz": 0,
          "lc-font-size": "12px",
          "lc-font-family": "",
          "lc-font-style": "",
          "lc-bkg-color": "",
          "lc-color": "",
          "lc-border-width": "0",
          "lc-border-style": "",
          "lc-border-color": "",
          "lc-border-radius": 10,
          "lc-zindex": 0
        },
        "style": {
          "left": "calc(50% - 75px)",
          "top": "80px",
          "width": "150px",
          "height": "150px"
        },
        "widgetSet": "materialdesign"
      }
    },
    "name": "View_card_4",
    "activeWidgets": [
      "w00001"
    ],
    "filterList": []
  },
  "View_card_5": {
    "settings": {
      "style": {
        "background-color": "#fafafa"
      },
      "theme": "redmond",
      "sizex": "",
      "sizey": "",
      "gridSize": "",
      "useBackground": false
    },
    "widgets": {
      "w00006": {
        "tpl": "tplVis-materialdesign-Card",
        "data": {
          "g_fixed": true,
          "g_visibility": false,
          "g_css_font_text": false,
          "g_css_background": false,
          "g_css_shadow_padding": false,
          "g_css_border": false,
          "g_gestures": false,
          "g_signals": false,
          "g_last_change": false,
          "visibility-cond": "==",
          "visibility-val": 1,
          "visibility-groups-action": "hide",
          "titleLayout": "headline6",
          "subtitleLayout": "subtitle2",
          "cardLayout": "Basic",
          "cardStyle": "default",
          "signals-cond-0": "==",
          "signals-val-0": true,
          "signals-icon-0": "/vis.0/MaterialDesignWidgets_Examples/lowbattery.png",
          "signals-icon-size-0": 0,
          "signals-blink-0": false,
          "signals-horz-0": 0,
          "signals-vert-0": 0,
          "signals-hide-edit-0": false,
          "signals-cond-1": "==",
          "signals-val-1": true,
          "signals-icon-1": "/vis.0/MaterialDesignWidgets_Examples/lowbattery.png",
          "signals-icon-size-1": 0,
          "signals-blink-1": false,
          "signals-horz-1": 0,
          "signals-vert-1": 0,
          "signals-hide-edit-1": false,
          "signals-cond-2": "==",
          "signals-val-2": true,
          "signals-icon-2": "/vis.0/MaterialDesignWidgets_Examples/lowbattery.png",
          "signals-icon-size-2": 0,
          "signals-blink-2": false,
          "signals-horz-2": 0,
          "signals-vert-2": 0,
          "signals-hide-edit-2": false,
          "lc-type": "last-change",
          "lc-is-interval": true,
          "lc-is-moment": false,
          "lc-format": "",
          "lc-position-vert": "top",
          "lc-position-horz": "right",
          "lc-offset-vert": 0,
          "lc-offset-horz": 0,
          "lc-font-size": "12px",
          "lc-font-family": "",
          "lc-font-style": "",
          "lc-bkg-color": "",
          "lc-color": "",
          "lc-border-width": "0",
          "lc-border-style": "",
          "lc-border-color": "",
          "lc-border-radius": 10,
          "lc-zindex": 0,
          "class": "my-card-container",
          "title": "Card 5",
          "subtitle": " ",
          "html": " "
        },
        "style": {
          "left": "",
          "top": "",
          "width": "",
          "height": "150px"
        },
        "widgetSet": "materialdesign"
      },
      "w00022": {
        "tpl": "tplVis-materialdesign-Vuetify-Slider",
        "data": {
          "oid": "dev2",
          "g_fixed": false,
          "g_visibility": false,
          "g_css_font_text": false,
          "g_css_background": false,
          "g_css_shadow_padding": false,
          "g_css_border": false,
          "g_gestures": false,
          "g_signals": false,
          "g_last_change": false,
          "visibility-cond": "==",
          "visibility-val": 1,
          "visibility-groups-action": "hide",
          "orientation": "horizontal",
          "knobSize": "knobSmall",
          "step": "1",
          "vibrateOnMobilDevices": "50",
          "showTicks": "no",
          "showValueLabel": false,
          "valueLabelWidth": "50",
          "showThumbLabel": "always",
          "signals-cond-0": "==",
          "signals-val-0": true,
          "signals-icon-0": "/vis.0/MaterialDesignWidgets_Examples/lowbattery.png",
          "signals-icon-size-0": 0,
          "signals-blink-0": false,
          "signals-horz-0": 0,
          "signals-vert-0": 0,
          "signals-hide-edit-0": false,
          "signals-cond-1": "==",
          "signals-val-1": true,
          "signals-icon-1": "/vis.0/MaterialDesignWidgets_Examples/lowbattery.png",
          "signals-icon-size-1": 0,
          "signals-blink-1": false,
          "signals-horz-1": 0,
          "signals-vert-1": 0,
          "signals-hide-edit-1": false,
          "signals-cond-2": "==",
          "signals-val-2": true,
          "signals-icon-2": "/vis.0/MaterialDesignWidgets_Examples/lowbattery.png",
          "signals-icon-size-2": 0,
          "signals-blink-2": false,
          "signals-horz-2": 0,
          "signals-vert-2": 0,
          "signals-hide-edit-2": false,
          "lc-type": "last-change",
          "lc-is-interval": true,
          "lc-is-moment": false,
          "lc-format": "",
          "lc-position-vert": "top",
          "lc-position-horz": "right",
          "lc-offset-vert": 0,
          "lc-offset-horz": 0,
          "lc-font-size": "12px",
          "lc-font-family": "",
          "lc-font-style": "",
          "lc-bkg-color": "",
          "lc-color": "",
          "lc-border-width": "0",
          "lc-border-style": "",
          "lc-border-color": "",
          "lc-border-radius": 10,
          "lc-zindex": 0,
          "min": "0",
          "max": "100"
        },
        "style": {
          "left": "40px",
          "top": "95px",
          "width": "calc(100% - 60px)",
          "height": "38px"
        },
        "widgetSet": "materialdesign"
      }
    },
    "name": "View_card_5",
    "activeWidgets": [],
    "filterList": []
  },
  "View_card_6": {
    "settings": {
      "style": {
        "background-color": "#fafafa",
        "background_class": ""
      },
      "theme": "redmond",
      "sizex": "",
      "sizey": "",
      "gridSize": "",
      "useBackground": false,
      "snapType": null
    },
    "widgets": {
      "w00007": {
        "tpl": "tplVis-materialdesign-Card",
        "data": {
          "g_fixed": true,
          "g_visibility": false,
          "g_css_font_text": false,
          "g_css_background": false,
          "g_css_shadow_padding": false,
          "g_css_border": false,
          "g_gestures": false,
          "g_signals": false,
          "g_last_change": false,
          "visibility-cond": "==",
          "visibility-val": 1,
          "visibility-groups-action": "hide",
          "titleLayout": "headline6",
          "subtitleLayout": "subtitle2",
          "cardLayout": "Basic",
          "cardStyle": "default",
          "signals-cond-0": "==",
          "signals-val-0": true,
          "signals-icon-0": "/vis.0/MaterialDesignWidgets_Examples/lowbattery.png",
          "signals-icon-size-0": 0,
          "signals-blink-0": false,
          "signals-horz-0": 0,
          "signals-vert-0": 0,
          "signals-hide-edit-0": false,
          "signals-cond-1": "==",
          "signals-val-1": true,
          "signals-icon-1": "/vis.0/MaterialDesignWidgets_Examples/lowbattery.png",
          "signals-icon-size-1": 0,
          "signals-blink-1": false,
          "signals-horz-1": 0,
          "signals-vert-1": 0,
          "signals-hide-edit-1": false,
          "signals-cond-2": "==",
          "signals-val-2": true,
          "signals-icon-2": "/vis.0/MaterialDesignWidgets_Examples/lowbattery.png",
          "signals-icon-size-2": 0,
          "signals-blink-2": false,
          "signals-horz-2": 0,
          "signals-vert-2": 0,
          "signals-hide-edit-2": false,
          "lc-type": "last-change",
          "lc-is-interval": true,
          "lc-is-moment": false,
          "lc-format": "",
          "lc-position-vert": "top",
          "lc-position-horz": "right",
          "lc-offset-vert": 0,
          "lc-offset-horz": 0,
          "lc-font-size": "12px",
          "lc-font-family": "",
          "lc-font-style": "",
          "lc-bkg-color": "",
          "lc-color": "",
          "lc-border-width": "0",
          "lc-border-style": "",
          "lc-border-color": "",
          "lc-border-radius": 10,
          "lc-zindex": 0,
          "class": "my-card-container",
          "title": "Card 6",
          "subtitle": " ",
          "html": " "
        },
        "style": {
          "left": "",
          "top": "",
          "width": "",
          "height": "100px"
        },
        "widgetSet": "materialdesign"
      }
    },
    "name": "View_card_6",
    "activeWidgets": [],
    "filterList": []
  },
  "View_card_7": {
    "settings": {
      "style": {
        "background-color": "#fafafa"
      },
      "theme": "redmond",
      "sizex": "",
      "sizey": "",
      "gridSize": "",
      "useBackground": false
    },
    "widgets": {
      "w00008": {
        "tpl": "tplVis-materialdesign-Card",
        "data": {
          "g_fixed": true,
          "g_visibility": false,
          "g_css_font_text": false,
          "g_css_background": false,
          "g_css_shadow_padding": false,
          "g_css_border": false,
          "g_gestures": false,
          "g_signals": false,
          "g_last_change": false,
          "visibility-cond": "==",
          "visibility-val": 1,
          "visibility-groups-action": "hide",
          "titleLayout": "headline6",
          "subtitleLayout": "subtitle2",
          "cardLayout": "Basic",
          "cardStyle": "default",
          "signals-cond-0": "==",
          "signals-val-0": true,
          "signals-icon-0": "/vis.0/MaterialDesignWidgets_Examples/lowbattery.png",
          "signals-icon-size-0": 0,
          "signals-blink-0": false,
          "signals-horz-0": 0,
          "signals-vert-0": 0,
          "signals-hide-edit-0": false,
          "signals-cond-1": "==",
          "signals-val-1": true,
          "signals-icon-1": "/vis.0/MaterialDesignWidgets_Examples/lowbattery.png",
          "signals-icon-size-1": 0,
          "signals-blink-1": false,
          "signals-horz-1": 0,
          "signals-vert-1": 0,
          "signals-hide-edit-1": false,
          "signals-cond-2": "==",
          "signals-val-2": true,
          "signals-icon-2": "/vis.0/MaterialDesignWidgets_Examples/lowbattery.png",
          "signals-icon-size-2": 0,
          "signals-blink-2": false,
          "signals-horz-2": 0,
          "signals-vert-2": 0,
          "signals-hide-edit-2": false,
          "lc-type": "last-change",
          "lc-is-interval": true,
          "lc-is-moment": false,
          "lc-format": "",
          "lc-position-vert": "top",
          "lc-position-horz": "right",
          "lc-offset-vert": 0,
          "lc-offset-horz": 0,
          "lc-font-size": "12px",
          "lc-font-family": "",
          "lc-font-style": "",
          "lc-bkg-color": "",
          "lc-color": "",
          "lc-border-width": "0",
          "lc-border-style": "",
          "lc-border-color": "",
          "lc-border-radius": 10,
          "lc-zindex": 0,
          "class": "my-card-container",
          "title": "Card 7",
          "subtitle": " ",
          "html": " "
        },
        "style": {
          "left": "",
          "top": "",
          "width": "",
          "height": "180px"
        },
        "widgetSet": "materialdesign"
      }
    },
    "name": "View_card_7",
    "activeWidgets": [
      "w00008"
    ],
    "filterList": []
  }
}